{
  "version": 1,
  "author": "울청",
  "editor": "wokwi",
  "parts": [
    {
      "type": "wokwi-pi-pico",
      "id": "pico",
      "top": 0,
      "left": 0,
      "attrs": { "env": "micropython-20231227-v1.22.0" }
    },
    {
      "type": "wokwi-pushbutton",
      "id": "btn1",
      "top": 150.2,
      "left": -96,
      "attrs": { "bounce": "0", "color": "green" }
    },
    {
      "type": "wokwi-pushbutton",
      "id": "btn2",
      "top": 150.2,
      "left": 115.2,
      "attrs": { "bounce": "0", "color": "green" }
    },
    {
      "type": "wokwi-led",
      "id": "led1",
      "top": 37.6,
      "left": -104.2,
      "rotate": 270,
      "attrs": { "color": "red" }
    },
    { "type": "wokwi-dht22", "id": "dht1", "top": -38.1, "left": 109.8, "attrs": {} }
  ],
  "connections": [
    [ "pico:GP0", "led1:A", "black", [ "h0" ] ],
    [ "led1:C", "pico:GND.1", "red", [ "h0" ] ],
    [ "btn2:1.l", "pico:GP18", "black", [ "h0" ] ],
    [ "btn2:2.l", "pico:GND.5", "red", [ "h0" ] ],
    [ "btn1:1.r", "pico:GP13", "red", [ "v0" ] ],
    [ "btn1:2.r", "pico:GND.4", "black", [ "h0" ] ],
    [ "dht1:VCC", "pico:VSYS", "blue", [ "v0" ] ],
    [ "dht1:SDA", "pico:GP28", "red", [ "v0" ] ],
    [ "dht1:GND", "pico:GND.7", "black", [ "v0" ] ]
  ],
  "dependencies": {}
}